employeeId,name,email

E20001,Employee 20001,e20001@company.com
E20002,Employee 20002,e20002@company.com
E20003,Employee 20003,e20003@company.com
E20004,Employee 20004,e20004@company.com
E20005,Employee 20005,e20005@company.com
E20006,Employee 20006,e20006@company.com
E20007,Employee 20007,e20007@company.com
E20008,Employee 20008,e20008@company.com
E20009,Employee 20009,e20009@company.com
E20010,Employee 20010,e20010@company.com
E20011,Employee 20011,e20011@company.com
E20012,Employee 20012,e20012@company.com
E20013,Employee 20013,e20013@company.com
E20014,Employee 20014,e20014@company.com
E20015,Employee 20015,e20015@company.com
E20016,Employee 20016,e20016@company.com
E20017,Employee 20017,e20017@company.com
E20018,Employee 20018,e20018@company.com
E20019,Employee 20019,e20019@company.com
E20020,Employee 20020,e20020@company.com
E20021,Employee 20021,e20021@company.com
E20022,Employee 20022,e20022@company.com
E20023,Employee 20023,e20023@company.com
E20024,Employee 20024,e20024@company.com
E20025,Employee 20025,e20025@company.com
E20026,Employee 20026,e20026@company.com
E20027,Employee 20027,e20027@company.com
E20028,Employee 20028,e20028@company.com
E20029,Employee 20029,e20029@company.com
E20030,Employee 20030,e20030@company.com
E20031,Employee 20031,e20031@company.com
E20032,Employee 20032,e20032@company.com
E20033,Employee 20033,e20033@company.com
E20034,Employee 20034,e20034@company.com
E20035,Employee 20035,e20035@company.com
E20036,Employee 20036,e20036@company.com
E20037,Employee 20037,e20037@company.com
E20038,Employee 20038,e20038@company.com
E20039,Employee 20039,e20039@company.com
E20040,Employee 20040,e20040@company.com
E20041,Employee 20041,e20041@company.com
E20042,Employee 20042,e20042@company.com
E20043,Employee 20043,e20043@company.com
E20044,Employee 20044,e20044@company.com
E20045,Employee 20045,e20045@company.com
E20046,Employee 20046,e20046@company.com
E20047,Employee 20047,e20047@company.com
E20048,Employee 20048,e20048@company.com
E20049,Employee 20049,e20049@company.com
E20050,Employee 20050,e20050@company.com


